{"cameraMode":{"drawMode":0,"name":"Shaded","section":"Shading Mode"},"sceneLighting":true,"audioPlay":false,"sceneViewState":{"m_AlwaysRefresh":false,"showFog":true,"showSkybox":true,"showFlares":true,"showImageEffects":true,"showParticleSystems":true,"showVisualEffectGraphs":true,"m_FxEnabled":true},"in2DMode":false,"pivot":{"x":240.59164428710938,"y":246.5150909423828,"z":132.46783447265626},"rotation":{"x":-0.0661499872803688,"y":-0.05774321407079697,"z":0.0038345090579241516,"w":-0.996130645275116},"size":245.33285522460938,"orthographic":false}