{"cameraMode":{"drawMode":0,"name":"Shaded","section":"Shading Mode"},"sceneLighting":true,"audioPlay":false,"sceneViewState":{"m_AlwaysRefresh":false,"showFog":true,"showSkybox":true,"showFlares":true,"showImageEffects":true,"showParticleSystems":true,"showVisualEffectGraphs":true,"m_FxEnabled":true},"in2DMode":false,"pivot":{"x":218.65652465820313,"y":108.37486267089844,"z":116.46951293945313},"rotation":{"x":-0.0661499872803688,"y":-0.05774321407079697,"z":0.0038345090579241516,"w":-0.996130645275116},"size":139.89776611328126,"orthographic":true}